path,type,service,words,unique_pct,max_similarity_pct,most_similar,peers_compared,in_links_total,in_links_from_indexable,in_sitemap,canonical_self,last_content_change,content_source,flag
/locations/adams-morgan-dc,hub,hub,2038,30,68,/locations/monrovia-md,41,29,10,yes,yes,2026-09-03,src/data/locations.ts,REVIEW (<60% unique)
/locations/adams-morgan-dc/house-cleaning,template,house-cleaning,1684,44,49,/locations/dupont-circle-dc/house-cleaning,10,56,10,yes,yes,2026-09-07,src/data/service-location-overrides.ts,REVIEW (<60% unique)
/locations/alexandria-va,hub,hub,2111,34,64,/locations/fairfax-va,41,1225,299,yes,yes,2026-09-03,src/data/locations.ts,REVIEW (<60% unique)
/locations/alexandria-va/house-cleaning,template,house-cleaning,1713,48,45,/locations/adams-morgan-dc/house-cleaning,10,92,47,yes,yes,2026-09-07,src/data/service-location-overrides.ts,REVIEW (<60% unique)
/locations/alexandria-va/office-cleaning,template,office-cleaning,1446,52,48,/locations/damascus-md/office-cleaning,1,58,4,yes,yes,2026-09-07,src/data/service-location-overrides.ts,REVIEW (<60% unique)
/locations/annandale-va,hub,hub,2089,31,68,/locations/mclean-va,41,1225,299,yes,yes,2026-09-03,src/data/locations.ts,REVIEW (<60% unique)
/locations/arlington-va,hub,hub,2136,31,67,/locations/mclean-va,41,1225,299,yes,yes,2026-09-03,src/data/locations.ts,REVIEW (<60% unique)
/locations/arlington-va/deep-cleaning,template,deep-cleaning,1939,53,43,/locations/boyds-md/deep-cleaning,3,60,9,yes,yes,2026-09-07,src/data/service-location-overrides.ts,REVIEW (<60% unique)
/locations/arlington-va/house-cleaning,template,house-cleaning,1777,49,41,/locations/alexandria-va/house-cleaning,10,92,48,yes,yes,2026-09-07,src/data/service-location-overrides.ts,REVIEW (<60% unique)
/locations/arlington-va/recurring-cleaning,template,recurring-cleaning,1491,57,42,/locations/washington-dc/recurring-cleaning,3,58,7,yes,yes,2026-09-07,src/data/service-location-overrides.ts,REVIEW (<60% unique)
/locations/bethesda-md,hub,hub,2227,34,63,/locations/north-bethesda-md,41,1225,299,yes,yes,2026-09-03,src/data/locations.ts,REVIEW (<60% unique)
/locations/bethesda-md/airbnb-cleaning,bespoke,airbnb-cleaning,1201,73,23,/locations/gaithersburg-md/airbnb-cleaning,3,64,12,yes,yes,2026-09-07,src/pages/locations/bethesda-md/AirbnbCleaningPage.tsx,
/locations/bethesda-md/deep-cleaning,bespoke,deep-cleaning,1416,66,28,/locations/rockville-md/deep-cleaning,5,67,19,yes,yes,2026-09-07,src/pages/locations/bethesda-md/DeepCleaningPage.tsx,
/locations/bethesda-md/eco-friendly-cleaning,template,eco-friendly-cleaning,1664,51,43,/locations/rockville-md/eco-friendly-cleaning,7,62,9,yes,yes,2026-09-07,src/pages/ServiceLocationPage.tsx,REVIEW (<60% unique)
/locations/bethesda-md/house-cleaning,bespoke,house-cleaning,1618,51,35,/locations/chevy-chase-md/house-cleaning,9,100,61,yes,yes,2026-08-31,src/pages/locations/bethesda-md/HouseCleaningPage.tsx,REVIEW (<60% unique)
/locations/bethesda-md/move-out-cleaning,bespoke,move-out-cleaning,1455,73,24,/locations/rockville-md/move-out-cleaning,4,63,13,yes,yes,2026-09-07,src/pages/locations/bethesda-md/MoveOutCleaningPage.tsx,
/locations/bethesda-md/office-cleaning,bespoke,office-cleaning,1254,78,22,/locations/olney-md/office-cleaning,1,63,11,yes,yes,2026-09-07,src/pages/locations/bethesda-md/OfficeCleaningPage.tsx,
/locations/bethesda-md/post-construction-cleaning,bespoke,post-construction-cleaning,1336,79,20,/locations/chevy-chase-md/post-construction-cleaning,3,63,12,yes,yes,2026-08-30,src/pages/locations/bethesda-md/PostConstructionCleaningPage.tsx,
/locations/bethesda-md/recurring-cleaning,bespoke,recurring-cleaning,1434,76,21,/locations/north-bethesda-md/recurring-cleaning,5,64,16,yes,yes,2026-09-07,src/pages/locations/bethesda-md/RecurringCleaningPage.tsx,
/locations/bowie-md,hub,hub,2067,32,66,/locations/wheaton-md,41,23,1,yes,yes,2026-09-03,src/data/locations.ts,REVIEW (<60% unique)
/locations/boyds-md,hub,hub,1983,31,68,/locations/gaithersburg-md,41,21,2,yes,yes,2026-09-03,src/data/locations.ts,REVIEW (<60% unique)
/locations/boyds-md/deep-cleaning,template,deep-cleaning,1696,43,51,/locations/burtonsville-md/deep-cleaning,3,57,4,yes,yes,2026-09-07,src/data/service-location-overrides.ts,REVIEW (<60% unique)
/locations/burtonsville-md/deep-cleaning,template,deep-cleaning,1614,42,54,/locations/boyds-md/deep-cleaning,3,57,4,yes,yes,2026-09-07,src/data/service-location-overrides.ts,REVIEW (<60% unique)
/locations/burtonsville-md/post-construction-cleaning,template,post-construction-cleaning,1390,100,0,,0,58,2,yes,yes,2026-09-07,src/data/service-location-overrides.ts,
/locations/capitol-hill-dc,hub,hub,2070,31,68,/locations/downtown-dc,41,1225,299,yes,yes,2026-09-03,src/data/locations.ts,REVIEW (<60% unique)
/locations/capitol-hill-dc/house-cleaning,template,house-cleaning,1792,50,44,/locations/adams-morgan-dc/house-cleaning,10,56,10,yes,yes,2026-09-07,src/data/service-location-overrides.ts,REVIEW (<60% unique)
/locations/chevy-chase-md,hub,hub,2202,34,63,/locations/washington-dc-ne,41,32,17,yes,yes,2026-09-03,src/data/locations.ts,REVIEW (<60% unique)
/locations/chevy-chase-md/deep-cleaning,bespoke,deep-cleaning,1036,57,38,/locations/germantown-md/deep-cleaning,5,61,11,yes,yes,2026-09-07,src/pages/locations/chevy-chase-md/DeepCleaningPage.tsx,REVIEW (<60% unique)
/locations/chevy-chase-md/eco-friendly-cleaning,template,eco-friendly-cleaning,1517,49,47,/locations/takoma-park-md/eco-friendly-cleaning,7,62,9,yes,yes,2026-09-07,src/data/service-location-overrides.ts,REVIEW (<60% unique)
/locations/chevy-chase-md/house-cleaning,bespoke,house-cleaning,1380,44,46,/locations/potomac-md/house-cleaning,9,93,51,yes,yes,2026-09-07,src/pages/locations/chevy-chase-md/HouseCleaningPage.tsx,REVIEW (<60% unique)
/locations/chevy-chase-md/move-out-cleaning,bespoke,move-out-cleaning,1073,52,38,/locations/germantown-md/move-out-cleaning,4,61,8,yes,yes,2026-09-07,src/pages/locations/chevy-chase-md/MoveOutCleaningPage.tsx,REVIEW (<60% unique)
/locations/chevy-chase-md/post-construction-cleaning,bespoke,post-construction-cleaning,1051,62,34,/locations/silver-spring-md/post-construction-cleaning,3,61,8,yes,yes,2026-09-07,src/pages/locations/chevy-chase-md/PostConstructionCleaningPage.tsx,
/locations/clarksburg-md,hub,hub,2144,33,66,/locations/takoma-park-md,41,1225,299,yes,yes,2026-09-03,src/data/locations.ts,REVIEW (<60% unique)
/locations/college-park-md,hub,hub,2192,30,66,/locations/kensington-md,41,24,2,yes,yes,2026-09-03,src/data/locations.ts,REVIEW (<60% unique)
/locations/columbia-heights-dc,hub,hub,2148,29,67,/locations/navy-yard-dc,41,23,3,yes,yes,2026-09-03,src/data/locations.ts,REVIEW (<60% unique)
/locations/columbia-md,hub,hub,2070,29,68,/locations/columbia-heights-dc,41,28,5,yes,yes,2026-09-03,src/data/locations.ts,REVIEW (<60% unique)
/locations/columbia-md/recurring-cleaning,template,recurring-cleaning,1371,51,48,/locations/ellicott-city-md/recurring-cleaning,3,57,4,yes,yes,2026-09-07,src/data/service-location-overrides.ts,REVIEW (<60% unique)
/locations/damascus-md/move-out-cleaning,template,move-out-cleaning,1440,100,0,,0,59,3,yes,yes,2026-09-07,src/data/service-location-overrides.ts,
/locations/damascus-md/office-cleaning,template,office-cleaning,1433,52,48,/locations/alexandria-va/office-cleaning,1,58,3,yes,yes,2026-09-07,src/data/service-location-overrides.ts,REVIEW (<60% unique)
/locations/downtown-dc,hub,hub,2054,31,69,/locations/capitol-hill-dc,41,28,9,yes,yes,2026-09-03,src/data/locations.ts,REVIEW (<60% unique)
/locations/downtown-dc/house-cleaning,template,house-cleaning,1710,47,45,/locations/capitol-hill-dc/house-cleaning,10,56,10,yes,yes,2026-09-07,src/data/service-location-overrides.ts,REVIEW (<60% unique)
/locations/dupont-circle-dc,hub,hub,2095,30,68,/locations/reston-va,41,30,11,yes,yes,2026-09-03,src/data/locations.ts,REVIEW (<60% unique)
/locations/dupont-circle-dc/house-cleaning,template,house-cleaning,1650,46,49,/locations/adams-morgan-dc/house-cleaning,10,56,10,yes,yes,2026-09-07,src/data/service-location-overrides.ts,REVIEW (<60% unique)
/locations/ellicott-city-md,hub,hub,2194,32,66,/locations/college-park-md,41,25,5,yes,yes,2026-09-03,src/data/locations.ts,REVIEW (<60% unique)
/locations/ellicott-city-md/deep-cleaning,template,deep-cleaning,1775,48,47,/locations/burtonsville-md/deep-cleaning,3,58,6,yes,yes,2026-09-07,src/data/service-location-overrides.ts,REVIEW (<60% unique)
/locations/ellicott-city-md/recurring-cleaning,template,recurring-cleaning,1409,48,47,/locations/washington-dc/recurring-cleaning,3,58,6,yes,yes,2026-09-07,src/data/service-location-overrides.ts,REVIEW (<60% unique)
/locations/fairfax-va,hub,hub,2131,34,63,/locations/alexandria-va,41,1225,299,yes,yes,2026-09-03,src/data/locations.ts,REVIEW (<60% unique)
/locations/fairfax-va/house-cleaning,template,house-cleaning,1809,58,31,/locations/arlington-va/house-cleaning,10,60,14,yes,yes,2026-09-07,src/data/service-location-overrides.ts,REVIEW (<60% unique)
/locations/frederick-county-md,hub,hub,1754,22,76,/locations/wheaton-md,41,1,1,yes,yes,2026-09-03,src/data/locations.ts,REVIEW (<60% unique)
/locations/frederick-md,hub,hub,2105,30,66,/locations/columbia-heights-dc,41,1225,299,yes,yes,2026-09-03,src/data/locations.ts,REVIEW (<60% unique)
/locations/gaithersburg-md,hub,hub,2267,37,60,/locations/vienna-va,41,1225,299,yes,yes,2026-09-03,src/data/locations.ts,REVIEW (<60% unique)
/locations/gaithersburg-md/airbnb-cleaning,bespoke,airbnb-cleaning,823,54,38,/locations/rockville-md/airbnb-cleaning,3,61,7,yes,yes,2026-07-15,src/pages/locations/gaithersburg-md/AirbnbCleaningPage.tsx,REVIEW (<60% unique)
/locations/gaithersburg-md/deep-cleaning,bespoke,deep-cleaning,758,42,52,/locations/germantown-md/deep-cleaning,5,61,11,yes,yes,2026-07-15,src/pages/locations/gaithersburg-md/DeepCleaningPage.tsx,REVIEW (<60% unique)
/locations/gaithersburg-md/house-cleaning,bespoke,house-cleaning,1137,52,36,/locations/rockville-md/house-cleaning,9,94,51,yes,yes,2026-07-15,src/pages/locations/gaithersburg-md/HouseCleaningPage.tsx,REVIEW (<60% unique)
/locations/gaithersburg-md/recurring-cleaning,bespoke,recurring-cleaning,845,51,41,/locations/kensington-md/recurring-cleaning,5,60,9,yes,yes,2026-07-15,src/pages/locations/gaithersburg-md/RecurringCleaningPage.tsx,REVIEW (<60% unique)
/locations/georgetown-dc,hub,hub,2118,33,65,/locations/columbia-heights-dc,41,1225,299,yes,yes,2026-09-03,src/data/locations.ts,REVIEW (<60% unique)
/locations/germantown-md/deep-cleaning,bespoke,deep-cleaning,883,46,48,/locations/silver-spring-md/deep-cleaning,5,60,8,yes,yes,2026-09-07,src/pages/locations/germantown-md/DeepCleaningPage.tsx,REVIEW (<60% unique)
/locations/germantown-md/house-cleaning,bespoke,house-cleaning,1024,42,43,/locations/potomac-md/house-cleaning,9,68,23,yes,yes,2026-09-07,src/pages/locations/germantown-md/HouseCleaningPage.tsx,REVIEW (<60% unique)
/locations/germantown-md/move-out-cleaning,bespoke,move-out-cleaning,806,48,51,/locations/chevy-chase-md/move-out-cleaning,4,60,4,yes,yes,2026-09-07,src/pages/locations/germantown-md/MoveOutCleaningPage.tsx,REVIEW (<60% unique)
/locations/herndon-va,hub,hub,2049,32,67,/locations/wheaton-md,41,1225,299,yes,yes,2026-09-03,src/data/locations.ts,REVIEW (<60% unique)
/locations/kensington-md,hub,hub,2167,32,66,/locations/arlington-va,41,31,14,yes,yes,2026-09-03,src/data/locations.ts,REVIEW (<60% unique)
/locations/kensington-md/eco-friendly-cleaning,template,eco-friendly-cleaning,1452,47,51,/locations/takoma-park-md/eco-friendly-cleaning,7,62,9,yes,yes,2026-09-07,src/data/service-location-overrides.ts,REVIEW (<60% unique)
/locations/kensington-md/house-cleaning,bespoke,house-cleaning,1045,48,44,/locations/north-bethesda-md/house-cleaning,9,63,18,yes,yes,2026-09-07,src/pages/locations/kensington-md/HouseCleaningPage.tsx,REVIEW (<60% unique)
/locations/kensington-md/recurring-cleaning,bespoke,recurring-cleaning,992,53,41,/locations/north-bethesda-md/recurring-cleaning,5,63,9,yes,yes,2026-09-07,src/pages/locations/kensington-md/RecurringCleaningPage.tsx,REVIEW (<60% unique)
/locations/kentlands-md,hub,hub,2025,29,69,/locations/washington-dc,41,22,3,yes,yes,2026-09-03,src/data/locations.ts,REVIEW (<60% unique)
/locations/kentlands-md/house-cleaning,template,house-cleaning,1804,49,44,/locations/montgomery-village-md/house-cleaning,10,56,10,yes,yes,2026-09-07,src/data/service-location-overrides.ts,REVIEW (<60% unique)
/locations/mclean-va,hub,hub,2146,32,67,/locations/arlington-va,41,1225,299,yes,yes,2026-09-03,src/data/locations.ts,REVIEW (<60% unique)
/locations/mclean-va/house-cleaning,template,house-cleaning,1726,49,45,/locations/kentlands-md/house-cleaning,10,90,44,yes,yes,2026-09-07,src/data/service-location-overrides.ts,REVIEW (<60% unique)
/locations/monrovia-md,hub,hub,1937,28,71,/locations/adams-morgan-dc,41,1225,299,yes,yes,2026-09-03,src/data/locations.ts,REVIEW (<60% unique)
/locations/montgomery-village-md/house-cleaning,template,house-cleaning,1648,45,48,/locations/kentlands-md/house-cleaning,10,56,9,yes,yes,2026-09-07,src/data/service-location-overrides.ts,REVIEW (<60% unique)
/locations/mount-airy-md,hub,hub,2033,32,67,/locations/boyds-md,41,21,2,yes,yes,2026-09-03,src/data/locations.ts,REVIEW (<60% unique)
/locations/mount-airy-md/house-cleaning,template,house-cleaning,1768,49,45,/locations/montgomery-village-md/house-cleaning,10,56,10,yes,yes,2026-09-07,src/data/service-location-overrides.ts,REVIEW (<60% unique)
/locations/navy-yard-dc,hub,hub,2155,33,67,/locations/columbia-heights-dc,41,21,2,yes,yes,2026-09-03,src/data/locations.ts,REVIEW (<60% unique)
/locations/navy-yard-dc/eco-friendly-cleaning,template,eco-friendly-cleaning,1438,45,50,/locations/takoma-park-md/eco-friendly-cleaning,7,69,9,yes,yes,2026-09-07,src/data/service-location-overrides.ts,REVIEW (<60% unique)
/locations/north-bethesda-md,hub,hub,2128,27,68,/locations/bethesda-md,41,25,6,yes,yes,2026-09-03,src/data/locations.ts,REVIEW (<60% unique)
/locations/north-bethesda-md/house-cleaning,bespoke,house-cleaning,1116,29,56,/locations/rockville-md/house-cleaning,9,63,18,yes,yes,2026-07-15,src/pages/locations/north-bethesda-md/HouseCleaningPage.tsx,REVIEW (<60% unique)
/locations/north-bethesda-md/recurring-cleaning,bespoke,recurring-cleaning,1065,53,38,/locations/kensington-md/recurring-cleaning,5,63,9,yes,yes,2026-07-15,src/pages/locations/north-bethesda-md/RecurringCleaningPage.tsx,REVIEW (<60% unique)
/locations/north-potomac-md,hub,hub,2035,24,71,/locations/potomac-md,41,22,2,yes,yes,2026-09-03,src/data/locations.ts,REVIEW (<60% unique)
/locations/olney-md,hub,hub,2028,33,66,/locations/north-potomac-md,41,26,6,yes,yes,2026-09-03,src/data/locations.ts,REVIEW (<60% unique)
/locations/olney-md/eco-friendly-cleaning,template,eco-friendly-cleaning,1506,45,51,/locations/potomac-md/eco-friendly-cleaning,7,62,9,yes,yes,2026-09-07,src/data/service-location-overrides.ts,REVIEW (<60% unique)
/locations/olney-md/office-cleaning,bespoke,office-cleaning,868,68,32,/locations/bethesda-md/office-cleaning,1,59,5,yes,yes,2026-09-07,src/pages/locations/olney-md/OfficeCleaningPage.tsx,
/locations/potomac-md,hub,hub,2091,30,67,/locations/north-potomac-md,41,1225,299,yes,yes,2026-09-03,src/data/locations.ts,REVIEW (<60% unique)
/locations/potomac-md/eco-friendly-cleaning,template,eco-friendly-cleaning,1539,47,50,/locations/olney-md/eco-friendly-cleaning,7,62,9,yes,yes,2026-09-07,src/pages/ServiceLocationPage.tsx,REVIEW (<60% unique)
/locations/potomac-md/house-cleaning,bespoke,house-cleaning,1336,42,48,/locations/chevy-chase-md/house-cleaning,9,91,47,yes,yes,2026-08-11,src/pages/locations/potomac-md/HouseCleaningPage.tsx,REVIEW (<60% unique)
/locations/potomac-md/move-out-cleaning,bespoke,move-out-cleaning,1016,57,38,/locations/chevy-chase-md/move-out-cleaning,4,59,5,yes,yes,2026-09-07,src/pages/locations/potomac-md/MoveOutCleaningPage.tsx,REVIEW (<60% unique)
/locations/reston-va,hub,hub,2149,33,65,/locations/dupont-circle-dc,41,1225,299,yes,yes,2026-09-03,src/data/locations.ts,REVIEW (<60% unique)
/locations/rockville-md,hub,hub,2282,43,54,/locations/silver-spring-md,41,1225,299,yes,yes,2026-09-03,src/data/locations.ts,REVIEW (<60% unique)
/locations/rockville-md/airbnb-cleaning,bespoke,airbnb-cleaning,1108,67,28,/locations/gaithersburg-md/airbnb-cleaning,3,68,11,yes,yes,2026-07-15,src/pages/locations/rockville-md/AirbnbCleaningPage.tsx,
/locations/rockville-md/deep-cleaning,bespoke,deep-cleaning,1480,68,27,/locations/bethesda-md/deep-cleaning,5,71,19,yes,yes,2026-09-07,src/pages/locations/rockville-md/DeepCleaningPage.tsx,
/locations/rockville-md/eco-friendly-cleaning,template,eco-friendly-cleaning,1545,48,49,/locations/olney-md/eco-friendly-cleaning,7,62,9,yes,yes,2026-09-07,src/data/service-location-overrides.ts,REVIEW (<60% unique)
/locations/rockville-md/house-cleaning,bespoke,house-cleaning,1492,44,42,/locations/potomac-md/house-cleaning,9,105,64,yes,yes,2026-09-03,src/pages/locations/rockville-md/HouseCleaningPage.tsx,REVIEW (<60% unique)
/locations/rockville-md/move-out-cleaning,bespoke,move-out-cleaning,1218,59,32,/locations/chevy-chase-md/move-out-cleaning,4,69,13,yes,yes,2026-07-12,src/pages/locations/rockville-md/MoveOutCleaningPage.tsx,REVIEW (<60% unique)
/locations/rockville-md/post-construction-cleaning,bespoke,post-construction-cleaning,1221,75,24,/locations/silver-spring-md/post-construction-cleaning,3,69,12,yes,yes,2026-08-23,src/pages/locations/rockville-md/PostConstructionCleaningPage.tsx,
/locations/rockville-md/recurring-cleaning,bespoke,recurring-cleaning,1201,65,29,/locations/silver-spring-md/recurring-cleaning,5,69,17,yes,yes,2026-07-15,src/pages/locations/rockville-md/RecurringCleaningPage.tsx,
/locations/shaw-dc,hub,hub,2048,32,67,/locations/vienna-va,41,23,3,yes,yes,2026-09-03,src/data/locations.ts,REVIEW (<60% unique)
/locations/silver-spring-md,hub,hub,2371,38,58,/locations/potomac-md,41,1225,299,yes,yes,2026-09-03,src/data/locations.ts,REVIEW (<60% unique)
/locations/silver-spring-md/airbnb-cleaning,bespoke,airbnb-cleaning,898,61,35,/locations/rockville-md/airbnb-cleaning,3,61,7,yes,yes,2026-08-31,src/pages/locations/silver-spring-md/AirbnbCleaningPage.tsx,
/locations/silver-spring-md/deep-cleaning,bespoke,deep-cleaning,803,38,54,/locations/germantown-md/deep-cleaning,5,63,12,yes,yes,2026-09-07,src/pages/locations/silver-spring-md/DeepCleaningPage.tsx,REVIEW (<60% unique)
/locations/silver-spring-md/house-cleaning,bespoke,house-cleaning,1575,67,22,/locations/rockville-md/house-cleaning,9,98,55,yes,yes,2026-09-07,src/pages/locations/silver-spring-md/HouseCleaningPage.tsx,
/locations/silver-spring-md/post-construction-cleaning,bespoke,post-construction-cleaning,1102,62,33,/locations/chevy-chase-md/post-construction-cleaning,3,61,7,yes,yes,2026-07-15,src/pages/locations/silver-spring-md/PostConstructionCleaningPage.tsx,
/locations/silver-spring-md/recurring-cleaning,bespoke,recurring-cleaning,935,51,38,/locations/north-bethesda-md/recurring-cleaning,5,61,10,yes,yes,2026-08-23,src/pages/locations/silver-spring-md/RecurringCleaningPage.tsx,REVIEW (<60% unique)
/locations/takoma-park-md,hub,hub,2192,30,65,/locations/clarksburg-md,41,30,9,yes,yes,2026-09-03,src/data/locations.ts,REVIEW (<60% unique)
/locations/takoma-park-md/eco-friendly-cleaning,template,eco-friendly-cleaning,1525,46,49,/locations/kensington-md/eco-friendly-cleaning,7,69,9,yes,yes,2026-09-07,src/data/service-location-overrides.ts,REVIEW (<60% unique)
/locations/tysons-va,hub,hub,2084,32,67,/locations/clarksburg-md,41,1225,299,yes,yes,2026-09-03,src/data/locations.ts,REVIEW (<60% unique)
/locations/vienna-va,hub,hub,2108,33,65,/locations/gaithersburg-md,41,1225,299,yes,yes,2026-09-03,src/data/locations.ts,REVIEW (<60% unique)
/locations/washington-dc,hub,hub,2196,25,68,/locations/washington-dc-ne,41,1225,299,yes,yes,2026-09-03,src/data/locations.ts,REVIEW (<60% unique)
/locations/washington-dc-ne,hub,hub,2135,26,70,/locations/washington-dc,41,1225,299,yes,yes,2026-09-03,src/data/locations.ts,REVIEW (<60% unique)
/locations/washington-dc/airbnb-cleaning,template,airbnb-cleaning,1543,100,0,,0,59,4,yes,yes,2026-09-07,src/data/service-location-overrides.ts,
/locations/washington-dc/recurring-cleaning,template,recurring-cleaning,1369,50,48,/locations/ellicott-city-md/recurring-cleaning,3,58,6,yes,yes,2026-09-07,src/data/service-location-overrides.ts,REVIEW (<60% unique)
/locations/wheaton-md,hub,hub,2095,31,66,/locations/herndon-va,41,26,8,yes,yes,2026-09-03,src/data/locations.ts,REVIEW (<60% unique)
/locations/wheaton-md/apartment-cleaning,template,apartment-cleaning,1343,100,0,,0,61,1,yes,yes,2026-09-07,src/data/service-location-overrides.ts,
/locations/wheaton-md/house-cleaning,bespoke,house-cleaning,925,49,40,/locations/kensington-md/house-cleaning,9,60,15,yes,yes,2026-09-07,src/pages/locations/wheaton-md/HouseCleaningPage.tsx,REVIEW (<60% unique)
